<beans xmlns="http://www.springframework.org/schema/beans"
       xmlns:xsi="http://www.w3.org/2001/XMLSchema-instance"
       xsi:schemaLocation="http://www.springframework.org/schema/beans http://www.springframework.org/schema/beans/spring-beans.xsd">

        <!--
             Instruction for writing bean defination:
               
               1. bean id should be same as class name but in camel-case naming convention.
               2. below is an example for reference.
                
               <bean id="myFriend" class="com.example.TuneIn.MyFriend"> 
        -->

   <bean id="myPlaylist" class="com.example.TuneIn.MyPlaylist"> </bean>
   <bean id="mySong" class="com.example.TuneIn.MySong" scope="prototype"> </bean>
   <bean id="myUser" class="com.example.TuneIn.MyUser"> 
       <property name="Playlist" ref="myPlaylist"></property>
   </bean>

</beans>