<!--Don't change the name of this file-->
<beans xmlns="http://www.springframework.org/schema/beans"
       xmlns:xsi="http://www.w3.org/2001/XMLSchema-instance"
       xsi:schemaLocation="http://www.springframework.org/schema/beans http://www.springframework.org/schema/beans/spring-beans.xsd">

        <!--

    *******************************************************************************************************************************************************
                                    Bean definition for ingredients:

                                        1.Bean id should be the same as class name but in camel-case naming convention.
                                        2.Below is the sample for your reference.

                                    <bean id="oil" class="com.example.TastyTrove.Ingredients.Oil"/>

    *****************************************************************************************************************************************************
                                    Bean definition for Recipes should follow camel case naming convention with below combination:

                                        1. Bean id = recipeType + ingredient
                                        2. Below is the sample for your reference.

                                    <bean id="northIndianOil" class="com.example.TastyTrove.Recipes.NorthIndian">

                                    Here northIndianOil is a combination of recipes and ingredients but in camel-case version.

    *****************************************************************************************************************************************************
    3. In the ApplicationContext.xml file-
    a. Create beans of the ingredient types.
    b. Create beans for a different dish like Chinese etc.
    c. Create beans for different dishes. For example, Chinese Rice dishes, Chinese lentil dishes, etc.
    d. The file is located in "src>main>resources".
    -->

    <bean id="chinese" class="com.example.TastyTrove.Chinese"></bean>
    <bean id="northIndian" class="com.example.TastyTrove.NorthIndian"></bean>
    <bean id="southIndian" class="com.example.TastyTrove.SouthIndian"></bean>
    
    <bean id= "chineseLentils" class="com.example.TastyTrove.Chinese"> 
        <property name="ingredients" ref="chinese"></property>
    </bean>
    <bean id= "chineseRice" class="com.example.TastyTrove.Chinese"> 
        <property name="ingredients" ref="chinese"></property>
    </bean>
    <bean id= "chineseWheat" class="com.example.TastyTrove.Chinese"> 
        <property name="ingredients" ref="chinese"></property>
    </bean>
    <bean id= "northIndianLentils" class="com.example.TastyTrove.NorthIndian"> 
        <property name="ingredients" ref="northIndian"></property>
    </bean>
    <bean id= "northIndianRice" class="com.example.TastyTrove.NorthIndian"> 
        <property name="ingredients" ref="northIndian"></property>
    </bean>
    <bean id= "northIndianWheat" class="com.example.TastyTrove.NorthIndian"> 
        <property name="ingredients" ref="northIndian"></property>
    </bean>
    <bean id= "southIndianLentils" class="com.example.TastyTrove.SouthIndian"> 
        <property name="ingredients" ref="southIndian"></property>
    </bean>
    <bean id= "southIndianRice" class="com.example.TastyTrove.SouthIndian"> 
        <property name="ingredients" ref="southIndian"></property>
    </bean>
    <bean id= "southIndianWheat" class="com.example.TastyTrove.SouthIndian"> 
        <property name="ingredients" ref="southIndian"></property>
    </bean>
</beans>